meta meta_id,meta_type,post_id
"UX","tag","300709"
"Css","tag","302518"
"Web","tag","302518"
"Domain Driven Design","tag","304478"
"Domain Driven Design","tag","304857"
"Domain Driven Design","tag","307211"
"Books","tag","307211"
"Domain Driven Design","tag","311459"
"Books","tag","311951"
"Asp.Net","tag","312984"
"Asp.Net MVC","tag","315926"
"Linq","tag","318992"
"Domain Driven Design","tag","318992"
"Repository","tag","318992"
"Paging","tag","318992"
"Repository","tag","319646"
"Linq","tag","319646"
"Domain Driven Design","tag","324887"
"Repository","tag","324887"
"Domain Driven Design","tag","325085"
"Repository","tag","325085"
"Linq","tag","328237"
"Domain Driven Design","tag","330082"
"Repository","tag","332903"
"Domain Driven Design","tag","332903"
"Domain Driven Design","tag","336213"
"QCon","tag","336213"
"Evans","tag","336213"
"Domain Driven Design","tag","391703"
"Paging","tag","391703"
"Evans","tag","391703"
"Reporting","tag","391703"
"Repository","tag","391703"
"Agile","tag","395293"
"TDD","tag","395293"
"Design by Example","tag","395293"
"Geek","tag","398045"
"Personal","tag","398045"
"Domain Driven Design","tag","398049"
"Ã˜redev","tag","398049"
"Strategic Design","tag","398049"
"Evans","tag","398049"
"QCon","tag","398049"
"decimal","tag","400305"
".net","tag","400305"
"Type","tag","400305"
"Design","tag","402298"
"IOC","tag","402298"
"Dependency Injection","tag","402298"
"Dependency Injection","tag","403632"
".net","tag","403632"
"Design","tag","403632"
"IOC","tag","403632"
"ParisJug","tag","410719"
"Design","tag","410719"
"Evans","tag","410719"
"Dependency Injection","tag","410719"
"ParisJug","tag","410723"
"Domain Driven Design","tag","410723"
"Evans","tag","410723"
"Design","tag","410723"
"Design","tag","410849"
"Domain Driven Design","tag","410849"
"Evans","tag","410849"
"ParisJug","tag","410849"
"DDD Exchange","tag","411792"
"Design","tag","411792"
"Domain Driven Design","tag","411792"
"Evans","tag","411792"
"Strategic Design","tag","411792"
"Design","tag","412868"
"Domain Driven Design","tag","412868"
"DDD Exchange","tag","412868"
"Distributed Domain Driven Design","tag","412868"
"Design","tag","420748"
"Domain Driven Design","tag","420748"
"Service Bus","tag","420748"
"Distributed Domain Driven Design","tag","420748"
".net","tag","453105"
"CSharp","tag","453105"
"Interfaces","tag","453105"
".net","tag","453399"
"CSharp","tag","453399"
"Interfaces","tag","453399"
"Design","tag","455931"
"Distributed Domain Driven Design","tag","455931"
"Domain Driven Design","tag","455931"
"CQRS","tag","455931"
"Domain Driven Design","tag","456396"
"Repository","tag","456396"
"CQRS","tag","456396"
"Distributed Domain Driven Design","tag","456396"
"CQRS","tag","457100"
"Design","tag","457100"
"Distributed Domain Driven Design","tag","457100"
"Domain Driven Design","tag","457100"
"Reporting","tag","457100"
"Repository","tag","457100"
"Service Bus","tag","457100"
"CQRS","tag","457356"
"Design","tag","457356"
"Distributed Domain Driven Design","tag","457356"
"Domain Driven Design","tag","457356"
"CQRS","tag","457791"
"Design","tag","457791"
"Distributed Domain Driven Design","tag","457791"
"Domain Driven Design","tag","457791"
"CQRS","tag","460191"
"Distributed Domain Driven Design","tag","460191"
"Domain Driven Design","tag","460191"
"CQRS","tag","489754"
"Distributed Domain Driven Design","tag","489754"
"Domain Driven Design","tag","489754"
"Domain Driven Design","tag","509715"
"Event Sourcing","tag","509715"
"CQRS","tag","509715"
"CQRS","tag","511514"
"Distributed Domain Driven Design","tag","511514"
"Domain Driven Design","tag","511514"
"Event Sourcing","tag","511514"
"CQRS","tag","526729"
"DDD Exchange","tag","526729"
"Distributed Domain Driven Design","tag","526729"
"Domain Driven Design","tag","526729"
"Evans","tag","526729"
"Event Sourcing","tag","526729"
"Duck","tag","555499"
"Event Sourcing","tag","555499"
"Domain Driven Design","tag","612637"
"CQRS","tag","612637"
"Event Sourcing","tag","612637"
"Time","tag","612637"
"Domain Events","tag","612637"
"Domain Driven Design","tag","613679"
"Strategic Design","tag","613679"
"TDD","tag","613679"
"DDD Exchange","tag","613679"
"Evans","tag","613679"
"Event Sourcing","tag","615066"
"Aggregate Root","tag","615066"
"Globalization","tag","653120"
"SQL","tag","653120"
"NuRep nuget","tag","668343"
"CQRS Events","tag","669709"
"Mocks Simple","tag","685921"
"CQRS;EventSourcing;F","tag","687197"
"DDD Injection Design","tag","723115"
"F","tag","727925"
"FSharp","tag","727925"
"Static interfaces","tag","727925"
"CQRS","tag","743879"
"Event Sourcing","tag","743879"
"Martin Fowler","tag","743879"
"Design","tag","743879"
"Design","tag","743944"
"Domain Driven Design","tag","743944"
"Event Sourcing","tag","743944"
"Martin Fowler","tag","743944"
"Conway","tag","761913"
"DDD","tag","761913"
"Monoid","tag","778381"
"F","tag","778381"
"Event Sourcing","tag","778381"
"DDD","tag","778381"
"f","tag","868221"
"FsAdvent","tag","868221"
